feedback,date,source,platform,user_id
"GPS tracking loses signal every time I go indoors. Running on a treadmill shows me teleporting across the city. 😂",2026-03-01,App Store,iOS,u_401
"The AI coaching feedback after my run is incredibly insightful. Like having a personal trainer in my pocket.",2026-03-01,Survey,Web,u_402
"App drained 40% of my battery during a 30-minute run. Completely unacceptable.",2026-03-02,App Store,Android,u_403
"Heart rate monitor integration with my Garmin watch is seamless. Love seeing real-time zones.",2026-03-02,Survey,iOS,u_404
"Cancelled my subscription 2 months ago and am still being charged every month.",2026-03-03,Support Ticket,Web,u_405
"The social challenges with friends are what keep me showing up every day. Genius feature.",2026-03-03,Survey,Web,u_406
"Strength training logging is way too tedious. Logging 5 exercises takes longer than the workout itself.",2026-03-04,App Store,Android,u_407
"My entire workout history — 14 months of data — disappeared after the app update. I'm devastated.",2026-03-04,Support Ticket,Web,u_408
"The guided breathing exercises after a hard run are a beautiful touch.",2026-03-05,Survey,iOS,u_409
"Sleep tracking is wildly inaccurate. Shows me sleeping when I was clearly awake watching TV.",2026-03-05,App Store,Android,u_410
"Connecting to Bluetooth headphones through the app is unreliable. Disconnects mid-workout.",2026-03-06,App Store,iOS,u_411
"Calorie burn estimates are completely off. Significantly overestimates, which defeats the purpose.",2026-03-06,Survey,Web,u_412
"The workout plan generator is excellent. Created a 12-week marathon training plan in under a minute.",2026-03-07,App Store,iOS,u_413
"Apple Watch integration broke after watchOS update. Heart rate data not syncing at all.",2026-03-07,Support Ticket,Web,u_414
"The route map replay after a run is so satisfying. Like watching a tiny movie of your workout.",2026-03-08,Survey,Android,u_415
"App freezes on the 'Finish Workout' screen. Lost data for 3 workouts now.",2026-03-08,App Store,iOS,u_416
"Nutrition tracking database is missing tons of common Indian foods. Have to manually enter everything.",2026-03-09,App Store,Android,u_417
"The streak system is incredibly motivating. Just hit 90 days and feel unstoppable.",2026-03-09,Survey,Web,u_418
"Custom workout builder doesn't allow supersets or circuit training. Big gap for gym users.",2026-03-10,App Store,iOS,u_419
"Widget on my home screen stopped updating. Shows yesterday's stats all day.",2026-03-10,App Store,Android,u_420
"The community feed is toxic. Need better moderation and reporting tools.",2026-03-11,Support Ticket,Web,u_421
"Personal records (PRs) are not being flagged correctly. Hit a 5K PR last week and nothing happened.",2026-03-11,App Store,iOS,u_422
"The meditation library inside the app is a brilliant addition to a fitness app. Mind and body together.",2026-03-12,Survey,Web,u_423
"Monthly progress report is a beautiful summary. Shared it on Instagram — got lots of questions about the app.",2026-03-12,Survey,Android,u_424
"Music playlist integration with Spotify keeps losing sync. Have to reconnect before every workout.",2026-03-13,App Store,iOS,u_425
"Injury prevention suggestions based on my training load are genuinely smart and useful.",2026-03-13,Survey,Web,u_426
"The interval timer has an annoying 3-second delay. Throws off my whole rhythm.",2026-03-14,App Store,Android,u_427
"Cannot export my data in a format that works with Apple Health. Feels like a deliberate lock-in.",2026-03-14,Support Ticket,Web,u_428
"Female fitness tracking with menstrual cycle phase-aware workouts is genuinely innovative.",2026-03-15,Survey,iOS,u_429
"App notifications are all-or-nothing. Can't pick which reminders I want. Getting spammed.",2026-03-15,App Store,Android,u_430
"Body weight exercises library has hundreds of options with excellent video demos. Super comprehensive.",2026-03-16,Survey,Web,u_431
"Elevation data on hike tracking is completely wrong. Shows a flat trail as having 800m of climb.",2026-03-16,App Store,iOS,u_432
"The challenges tab keeps crashing on my OnePlus 12. Tried reinstalling — same issue.",2026-03-17,App Store,Android,u_433
"Premium plan has been worth every penny. The coaching plans alone justify the cost.",2026-03-17,Survey,Web,u_434
"The app tracks my steps but doesn't credit them to my daily goal. Bug that's been there for months.",2026-03-18,App Store,iOS,u_435
"Strength progression charts are excellent. Clearly shows I've improved my bench press by 15kg in 3 months.",2026-03-18,Survey,Android,u_436
"Paid for lifetime membership and lost access after the app updated. Support not responding.",2026-03-19,Support Ticket,Web,u_437
"Cannot set custom rest timer durations. Only 30/60/90 second options — I need 2 minutes.",2026-03-19,App Store,iOS,u_438
"The food barcode scanner is fast and accurate. Scanned 15 items without a single failure.",2026-03-20,Survey,Android,u_439
"Indoor cycling mode doesn't work. Distance stays at 0 regardless of effort.",2026-03-20,App Store,iOS,u_440
"The friends leaderboard is too competitive and demotivating for beginners. Needs a filter.",2026-03-21,App Store,Android,u_441
"In-app form checks using phone camera for squats is genuinely impressive AI. Caught my knee caving in.",2026-03-21,Survey,iOS,u_442
"App auto-pauses my workout when I stop to tie my shoelaces. Ruins the pacing data.",2026-03-22,App Store,Android,u_443
"Virtual race events against people worldwide is an incredible motivator. Ran my fastest 10K for one.",2026-03-22,Survey,Web,u_444
"Dark mode makes the app look premium. Great for outdoor runs where the screen needs to be visible.",2026-03-23,App Store,iOS,u_445
"Weather overlay on the route planner is a thoughtful feature. Helps me plan outdoor runs better.",2026-03-23,Survey,Android,u_446
"Annual goal tracking — running mileage for the year — disappeared from my dashboard with no warning.",2026-03-24,App Store,iOS,u_447
"Intermittent fasting tracker integration with the nutrition module is exactly what I needed.",2026-03-24,Survey,Web,u_448
"The 'Move more' nudge notifications are too frequent and interrupt my focus. Hard to disable.",2026-03-25,App Store,Android,u_449
"After 18 months, I've lost 22kg and run my first half marathon. This app genuinely changed my life.",2026-03-25,Survey,Web,u_450
